{"cameraMode":{"drawMode":0,"name":"Shaded","section":"Shading Mode"},"sceneLighting":false,"audioPlay":false,"sceneViewState":{"m_AlwaysRefresh":false,"showFog":true,"showSkybox":false,"showFlares":true,"showImageEffects":true,"showParticleSystems":true,"showVisualEffectGraphs":true,"m_FxEnabled":true},"in2DMode":false,"pivot":{"x":-0.8717206716537476,"y":0.4679149389266968,"z":2.2630159854888918},"rotation":{"x":0.40841516852378847,"y":-0.02601020224392414,"z":0.011642483994364739,"w":0.9123527407646179},"size":2.9898412227630617,"orthographic":false}