{"cameraMode":{"drawMode":0,"name":"Shaded","section":"Shading Mode"},"sceneLighting":false,"audioPlay":false,"sceneViewState":{"m_AlwaysRefresh":false,"showFog":true,"showSkybox":false,"showFlares":true,"showImageEffects":true,"showParticleSystems":true,"showVisualEffectGraphs":true,"m_FxEnabled":true},"in2DMode":false,"pivot":{"x":-382.81109619140627,"y":40.26776885986328,"z":-31.468536376953126},"rotation":{"x":0.039871372282505038,"y":-0.03147817403078079,"z":0.001197528326883912,"w":0.9987256526947022},"size":66.51497650146485,"orthographic":false}