{"cameraMode":{"drawMode":0,"name":"Shaded","section":"Shading Mode"},"sceneLighting":true,"audioPlay":false,"sceneViewState":{"m_AlwaysRefresh":false,"showFog":true,"showSkybox":true,"showFlares":true,"showImageEffects":true,"showParticleSystems":true,"showVisualEffectGraphs":true,"m_FxEnabled":true},"in2DMode":false,"pivot":{"x":-0.939633846282959,"y":4.4238715171813969,"z":-0.7714214324951172},"rotation":{"x":-0.07189944386482239,"y":0.09768396615982056,"z":-0.007075640372931957,"w":-0.9925925135612488},"size":28.756933212280275,"orthographic":false}