{"cameraMode":{"drawMode":0,"name":"Shaded","section":"Shading Mode"},"sceneLighting":false,"audioPlay":false,"sceneViewState":{"m_AlwaysRefresh":false,"showFog":true,"showSkybox":false,"showFlares":true,"showImageEffects":true,"showParticleSystems":true,"showVisualEffectGraphs":true,"m_FxEnabled":true},"in2DMode":false,"pivot":{"x":-14.92992115020752,"y":0.3257937431335449,"z":32.766326904296878},"rotation":{"x":0.16610698401927949,"y":-0.4458250105381012,"z":0.08458559215068817,"w":0.8754974007606506},"size":0.6151511669158936,"orthographic":false}